Website,Username,Password,Remarks
google.com,user@gmail.com,SecurePass123!,Personal Gmail account
github.com,developer@email.com,DevPass456!,Work development account
twitter.com,socialuser@twitter.com,Tweet789!,Social media account
amazon.com,shopper@email.com,Shop2024!,Online shopping
netflix.com,viewer@email.com,Watch999!,Streaming service
linkedin.com,professional@email.com,Career555!,Professional network
facebook.com,fbuser@email.com,Social123!,Social network
dropbox.com,storage@email.com,Cloud777!,Cloud storage
reddit.com,redditor@email.com,Reddit456!,Community forum
stackoverflow.com,coder@email.com,Code321!,Developer Q&A
